<?xml version="1.0" encoding="utf-8" ?>
<component name="category_screen"
  extends="Group"
  >
  <script type="text/brightscript" uri="pkg:/components/screens/category_screen.brs" />
  <children>
    <!-- color="0x000000" -->
    <Label
      translation="[750, 150]"
        id="env"
        font="font:LargeBoldSystemFont"
        text="PICK A CATEGORY:"/>
    <RadioButtonList
  id="category_list"
  translation="[750, 200]"
  itemSize="[400,48]"
>
<ContentNode id = "categories" role = "content" >
  <ContentNode title = "DRAMA"/>
  <ContentNode title = "COMEDY"/>
  <ContentNode title = "HORROR"/>
</ContentNode>
</RadioButtonList>
  </children>
</component>